{"cameraMode":{"drawMode":0,"name":"Shaded","section":"Shading Mode"},"sceneLighting":false,"audioPlay":false,"sceneViewState":{"m_AlwaysRefresh":false,"showFog":true,"showSkybox":false,"showFlares":true,"showImageEffects":true,"showParticleSystems":true,"showVisualEffectGraphs":true,"m_FxEnabled":true},"in2DMode":false,"pivot":{"x":0.6336543560028076,"y":1.7017481327056885,"z":-0.301727294921875},"rotation":{"x":0.1256646364927292,"y":0.005952448584139347,"z":-0.0007539988146163523,"w":0.9920544624328613},"size":4.766025543212891,"orthographic":false}